noByBest	noByAvgBest	noByScore	cp	mp	popSize	maxEvals	mutation	crossover	natSel	genSel	totalBest	avgBest	totalWorst	avgWorst	span	avgSpan	score	duration
0	0	0	0.166667	0.166667	76	250000	reverseSubsequence	subsequence	Std=RankRoulette	Harem=3=0.8=Tourney,5=Tourney,5=Tourney,5	2734.82	2856.48	26873.1	26486.1	24138.3	23629.7	2856.48	00:24:08.570
1	1	1	0.1	0.1	76	250000	reverseSubsequence	subsequence	Std=RankRoulette	Gender=Tourney,3=Tourney,5	2970.6	3037.36	26847.8	26647	23877.2	23609.6	3037.36	00:29:26.418
2	2	2	0.1	0.0333333	76	250000	reverseSubsequence	subsequence	Std=RankRoulette	NoGender=RankRoulette	3484	3651.4	26956.8	26698.5	23472.8	23047.1	3651.4	00:35:27.508
3	3	3	0.1	0.0333333	76	250000	reverseSubsequence	subsequence	Std=RankRoulette	NoGender=Tourney,5	3668.43	3853.32	27186.9	26670.2	23518.5	22816.9	3853.32	00:26:54.579
4	4	4	0.166667	0.1	76	250000	reverseSubsequence	subsequence	Std=Random	Gender=Tourney,5=Tourney,5	4109.45	4319.33	27619.3	26896.8	23509.8	22577.5	4319.33	00:01:21.928
5	5	5	0.1	0.0333333	76	250000	reverseSubsequence	subsequence	Std=RankRoulette	GGA=Random	4393.29	4635.29	27331.7	26729	22938.4	22093.7	4635.29	00:31:56.150
6	6	6	0.1	0.1	100	250000	reverseSubsequence	subsequence	Std=Random	NoGender=Tourney,5	4587.89	5056.14	27314.2	27001	22726.3	21944.8	5056.14	00:01:33.873
7	7	7	0.3	0.1	100	250000	reverseSubsequence	subsequence	Std=RankRoulette	NoGender=Random	5677.65	6080.35	26814.9	26607.6	21137.2	20527.3	6080.35	00:34:46.251
