noByBest	noByAvgBest	noByScore	cp	mp	popSize	maxEvals	mutation	crossover	natSel	genSel	totalBest	avgBest	totalWorst	avgWorst	span	avgSpan	score	duration
0	0	0	0.166667	0.166667	76	250000	reverseSubsequence	subsequence	Std=RankRoulette	Harem=3=0.8=Tourney,5=Tourney,5=Tourney,5	631.062	653.46	5181.45	4997.07	4550.38	4343.61	653.46	00:07:55.822
2	1	1	0.166667	0.1	76	250000	reverseSubsequence	subsequence	Std=Random	Gender=Tourney,5=Tourney,5	660.799	684.181	5289.93	5088.55	4629.13	4404.37	684.181	00:00:12.633
1	2	2	0.1	0.0333333	76	250000	reverseSubsequence	subsequence	Std=RankRoulette	GGA=Random	657.084	701.707	5216.59	5014.51	4559.51	4312.8	701.707	00:09:23.236
4	3	3	0.1	0.1	100	250000	reverseSubsequence	subsequence	Std=Random	NoGender=Tourney,5	686.516	710.052	5123.7	5091.8	4437.19	4381.75	710.052	00:00:14.740
3	4	4	0.3	0.1	100	250000	reverseSubsequence	subsequence	Std=RankRoulette	NoGender=Random	668.545	715.885	5132.86	5012.95	4464.32	4297.06	715.885	00:10:52.121
